ep_title_formatted,BAREIL,BASHIR,COMPUTER,DAMAR,DAX,DUKAT,EDDINGTON,EZRI,GARAK,JAKE,KASIDY,KEIKO,KIRA,MARTOK,NOG,O'BRIEN,ODO,QUARK,ROM,SISKO,VIC,WEYOUN,WINN,WORF,ZEK,index_x,airdate,ep_name,number,rating,season,index_y
emissary,0.0,27.0,36.0,0.0,79.0,25.0,0.0,0.0,0.0,25.0,0.0,0.0,130.0,0.0,3.0,113.0,34.0,34.0,0.0,326.0,0.0,0.0,0.0,0.0,0.0,1.0,3 Jan. 1993,Emissary,1,7.5,1,1
pastprologue,0.0,59.0,0.0,0.0,12.0,0.0,0.0,0.0,65.0,0.0,0.0,0.0,148.0,0.0,0.0,34.0,48.0,0.0,0.0,127.0,0.0,0.0,0.0,0.0,0.0,2.0,10 Jan. 1993,Past Prologue,2,7.0,1,2
amanalone,0.0,80.0,2.0,0.0,46.0,0.0,0.0,0.0,0.0,12.0,0.0,63.0,30.0,0.0,7.0,29.0,100.0,29.0,25.0,98.0,0.0,0.0,0.0,0.0,0.0,3.0,17 Jan. 1993,A Man Alone,3,6.9,1,3
babel,0.0,65.0,33.0,0.0,22.0,0.0,0.0,0.0,0.0,8.0,0.0,0.0,95.0,0.0,0.0,61.0,76.0,84.0,0.0,119.0,0.0,0.0,0.0,0.0,0.0,4.0,24 Jan. 1993,Babel,4,6.9,1,4
captivepursuit,0.0,2.0,7.0,0.0,18.0,0.0,0.0,0.0,0.0,0.0,0.0,0.0,13.0,0.0,0.0,255.0,32.0,35.0,0.0,105.0,0.0,0.0,0.0,0.0,0.0,5.0,31 Jan. 1993,Captive Pursuit,5,7.7,1,5
qless,0.0,54.0,0.0,0.0,42.0,0.0,0.0,0.0,0.0,0.0,0.0,0.0,25.0,0.0,0.0,77.0,10.0,121.0,0.0,89.0,0.0,0.0,0.0,0.0,0.0,6.0,7 Feb. 1993,Q-Less,6,6.8,1,6
dax,0.0,39.0,1.0,0.0,51.0,0.0,0.0,0.0,0.0,0.0,0.0,0.0,31.0,0.0,0.0,0.0,82.0,10.0,0.0,168.0,0.0,0.0,0.0,0.0,0.0,7.0,14 Feb. 1993,Dax,7,7.1,1,7
thepassenger,0.0,141.0,5.0,0.0,65.0,0.0,0.0,0.0,0.0,0.0,0.0,0.0,39.0,0.0,0.0,0.0,79.0,64.0,0.0,116.0,0.0,0.0,0.0,0.0,0.0,8.0,22 Feb. 1993,The Passenger,8,6.4,1,8
movealonghome,0.0,45.0,3.0,0.0,47.0,0.0,0.0,0.0,0.0,29.0,0.0,0.0,47.0,0.0,0.0,0.0,59.0,146.0,0.0,123.0,0.0,0.0,0.0,0.0,0.0,9.0,14 Mar. 1993,Move Along Home,9,5.9,1,9
thenagus,0.0,3.0,1.0,0.0,11.0,0.0,0.0,0.0,0.0,71.0,0.0,0.0,2.0,0.0,45.0,48.0,25.0,160.0,54.0,69.0,0.0,0.0,0.0,0.0,98.0,10.0,21 Mar. 1993,The Nagus,10,7.1,1,10
vortex,0.0,8.0,14.0,0.0,8.0,0.0,0.0,0.0,0.0,0.0,0.0,0.0,13.0,0.0,0.0,7.0,169.0,81.0,12.0,52.0,0.0,0.0,0.0,0.0,0.0,11.0,18 Apr. 1993,Vortex,11,7.0,1,11
battlelines,0.0,78.0,3.0,0.0,46.0,0.0,0.0,0.0,0.0,0.0,0.0,0.0,82.0,0.0,0.0,75.0,6.0,0.0,0.0,163.0,0.0,0.0,0.0,0.0,0.0,12.0,25 Apr. 1993,Battle Lines,12,6.6,1,12
thestoryteller,0.0,98.0,0.0,0.0,1.0,0.0,0.0,0.0,0.0,67.0,0.0,0.0,12.0,0.0,59.0,130.0,9.0,7.0,0.0,51.0,0.0,0.0,0.0,0.0,0.0,13.0,2 May 1993,The Storyteller,13,6.0,1,13
progress,0.0,18.0,0.0,0.0,19.0,0.0,0.0,0.0,0.0,50.0,0.0,0.0,176.0,0.0,84.0,14.0,7.0,31.0,0.0,41.0,0.0,0.0,0.0,0.0,0.0,14.0,9 May 1993,Progress,14,6.9,1,14
ifwisheswerehorses,0.0,68.0,3.0,0.0,99.0,0.0,0.0,0.0,0.0,13.0,0.0,8.0,41.0,0.0,0.0,102.0,63.0,74.0,0.0,114.0,0.0,0.0,0.0,0.0,0.0,15.0,16 May 1993,If Wishes Were Horses,15,6.5,1,15
theforsaken,0.0,49.0,41.0,0.0,40.0,0.0,0.0,0.0,0.0,0.0,0.0,0.0,35.0,0.0,0.0,122.0,137.0,8.0,0.0,92.0,0.0,0.0,0.0,0.0,0.0,16.0,23 May 1993,The Forsaken,16,6.8,1,16
dramatispersonae,0.0,54.0,6.0,0.0,48.0,0.0,0.0,0.0,0.0,0.0,0.0,0.0,132.0,0.0,0.0,72.0,105.0,49.0,0.0,99.0,0.0,0.0,0.0,0.0,0.0,17.0,30 May 1993,Dramatis Personae,17,7.1,1,17
duet,0.0,23.0,1.0,0.0,26.0,31.0,0.0,0.0,0.0,0.0,0.0,0.0,202.0,0.0,0.0,4.0,78.0,5.0,0.0,84.0,0.0,0.0,0.0,0.0,0.0,18.0,13 Jun. 1993,Duet,18,9.0,1,18
inthehandsoftheprophets,41.0,5.0,13.0,0.0,17.0,0.0,0.0,0.0,0.0,14.0,0.0,50.0,46.0,0.0,0.0,160.0,31.0,17.0,0.0,105.0,0.0,0.0,68.0,0.0,0.0,19.0,20 Jun. 1993,In the Hands of the Prophets,19,7.8,1,19
thehomecoming,0.0,22.0,0.0,0.0,14.0,6.0,0.0,0.0,0.0,30.0,0.0,0.0,130.0,0.0,0.0,58.0,32.0,73.0,10.0,140.0,0.0,0.0,0.0,0.0,0.0,20.0,26 Sep. 1993,The Homecoming,1,7.7,2,20
thecircle,48.0,18.0,1.0,0.0,27.0,0.0,0.0,0.0,0.0,5.0,0.0,0.0,137.0,0.0,0.0,23.0,67.0,42.0,0.0,125.0,0.0,0.0,36.0,0.0,0.0,21.0,3 Oct. 1993,The Circle,2,7.7,2,21
thesiege,17.0,34.0,0.0,0.0,77.0,0.0,0.0,0.0,0.0,18.0,0.0,6.0,115.0,0.0,14.0,44.0,22.0,56.0,8.0,119.0,0.0,0.0,7.0,0.0,0.0,22.0,10 Oct. 1993,The Siege,3,7.9,2,22
invasiveprocedures,0.0,71.0,0.0,0.0,42.0,0.0,0.0,0.0,0.0,0.0,0.0,0.0,33.0,0.0,0.0,32.0,13.0,50.0,0.0,125.0,0.0,0.0,0.0,0.0,0.0,23.0,17 Oct. 1993,Invasive Procedures,4,6.9,2,23
cardassians,0.0,141.0,0.0,0.0,2.0,68.0,0.0,0.0,90.0,0.0,0.0,17.0,4.0,0.0,0.0,54.0,5.0,1.0,0.0,73.0,0.0,0.0,0.0,0.0,0.0,24.0,24 Oct. 1993,Cardassians,5,7.5,2,24
melora,0.0,157.0,2.0,0.0,59.0,0.0,0.0,0.0,0.0,0.0,0.0,0.0,6.0,0.0,0.0,21.0,26.0,75.0,0.0,30.0,0.0,0.0,0.0,0.0,0.0,25.0,31 Oct. 1993,Melora,6,6.3,2,25
rulesofacquisition,0.0,5.0,0.0,0.0,52.0,0.0,0.0,0.0,0.0,0.0,0.0,0.0,30.0,0.0,0.0,1.0,9.0,272.0,64.0,13.0,0.0,0.0,0.0,0.0,143.0,26.0,7 Nov. 1993,Rules of Acquisition,7,7.4,2,26
necessaryevil,0.0,16.0,0.0,0.0,3.0,56.0,0.0,0.0,0.0,0.0,0.0,0.0,99.0,0.0,0.0,0.0,263.0,95.0,93.0,15.0,0.0,0.0,0.0,0.0,0.0,27.0,14 Nov. 1993,Necessary Evil,8,8.2,2,27
secondsight,0.0,6.0,0.0,0.0,65.0,0.0,0.0,0.0,0.0,37.0,0.0,0.0,12.0,0.0,0.0,13.0,26.0,8.0,0.0,228.0,0.0,0.0,0.0,0.0,0.0,28.0,21 Nov. 1993,Second Sight,9,6.1,2,28
sanctuary,0.0,7.0,0.0,0.0,10.0,0.0,0.0,0.0,0.0,34.0,0.0,0.0,148.0,0.0,50.0,21.0,44.0,48.0,0.0,85.0,0.0,0.0,0.0,0.0,0.0,29.0,28 Nov. 1993,Sanctuary,10,6.5,2,29
rivals,0.0,93.0,0.0,0.0,43.0,0.0,0.0,0.0,0.0,0.0,0.0,14.0,20.0,0.0,0.0,77.0,24.0,166.0,30.0,33.0,0.0,0.0,0.0,0.0,0.0,30.0,2 Jan. 1994,Rivals,11,6.6,2,30
thealternate,0.0,39.0,2.0,0.0,46.0,0.0,0.0,0.0,0.0,11.0,0.0,0.0,13.0,0.0,0.0,67.0,130.0,37.0,0.0,93.0,0.0,0.0,0.0,0.0,0.0,31.0,9 Jan. 1994,The Alternate,12,6.8,2,31
armageddongame,0.0,200.0,0.0,0.0,30.0,0.0,0.0,0.0,0.0,0.0,0.0,36.0,29.0,0.0,0.0,147.0,3.0,11.0,0.0,90.0,0.0,0.0,0.0,0.0,0.0,32.0,30 Jan. 1994,Armageddon Game,13,7.4,2,32
whispers,0.0,45.0,56.0,0.0,2.0,0.0,0.0,0.0,0.0,18.0,0.0,38.0,15.0,0.0,0.0,351.0,24.0,14.0,0.0,46.0,0.0,0.0,0.0,0.0,0.0,33.0,6 Feb. 1994,Whispers,14,8.3,2,33
paradise,0.0,0.0,2.0,0.0,42.0,0.0,0.0,0.0,0.0,0.0,0.0,0.0,36.0,0.0,0.0,93.0,0.0,0.0,0.0,117.0,0.0,0.0,0.0,0.0,0.0,34.0,13 Feb. 1994,Paradise,15,6.8,2,34
shadowplay,37.0,6.0,0.0,0.0,76.0,0.0,0.0,0.0,0.0,31.0,0.0,0.0,64.0,0.0,0.0,30.0,137.0,23.0,0.0,31.0,0.0,0.0,0.0,0.0,0.0,35.0,20 Feb. 1994,Shadowplay,16,7.3,2,35
playinggod,0.0,27.0,22.0,0.0,302.0,0.0,0.0,0.0,0.0,20.0,0.0,0.0,29.0,0.0,0.0,49.0,7.0,54.0,0.0,94.0,0.0,0.0,0.0,0.0,0.0,36.0,27 Feb. 1994,Playing God,17,6.4,2,36
profitandloss,0.0,10.0,0.0,0.0,7.0,0.0,0.0,0.0,107.0,0.0,0.0,0.0,7.0,0.0,0.0,9.0,46.0,305.0,0.0,53.0,0.0,0.0,0.0,0.0,0.0,37.0,20 Mar. 1994,Profit and Loss,18,7.2,2,37
bloodoath,0.0,0.0,0.0,0.0,178.0,0.0,0.0,0.0,0.0,0.0,0.0,0.0,22.0,0.0,0.0,0.0,27.0,9.0,0.0,14.0,0.0,0.0,0.0,0.0,0.0,38.0,27 Mar. 1994,Blood Oath,19,8.0,2,38
themaquispart1,0.0,9.0,0.0,0.0,37.0,109.0,0.0,0.0,0.0,0.0,0.0,0.0,66.0,0.0,0.0,37.0,17.0,71.0,0.0,188.0,0.0,0.0,0.0,0.0,0.0,39.0,24 Apr. 1994,The Maquis: Part 1,20,7.8,2,39
themaquispart2,0.0,8.0,0.0,0.0,15.0,118.0,0.0,0.0,0.0,0.0,0.0,0.0,50.0,0.0,0.0,39.0,29.0,63.0,0.0,222.0,0.0,0.0,0.0,0.0,0.0,40.0,1 May 1994,The Maquis: Part 2,21,7.9,2,40
thewire,0.0,293.0,3.0,0.0,15.0,0.0,0.0,0.0,223.0,0.0,0.0,0.0,1.0,0.0,0.0,10.0,38.0,41.0,0.0,5.0,0.0,0.0,0.0,0.0,0.0,41.0,8 May 1994,The Wire,22,8.2,2,41
crossover,0.0,137.0,0.0,0.0,4.0,0.0,0.0,0.0,49.0,0.0,0.0,0.0,166.0,0.0,0.0,55.0,25.0,35.0,0.0,61.0,0.0,0.0,0.0,0.0,0.0,42.0,15 May 1994,Crossover,23,8.0,2,42
thecollaborator,75.0,0.0,0.0,0.0,7.0,0.0,0.0,0.0,0.0,0.0,0.0,0.0,181.0,0.0,0.0,19.0,66.0,29.0,0.0,21.0,0.0,0.0,90.0,0.0,0.0,43.0,22 May 1994,The Collaborator,24,7.1,2,43
tribunal,0.0,21.0,4.0,0.0,14.0,0.0,0.0,0.0,0.0,0.0,0.0,44.0,23.0,0.0,0.0,158.0,75.0,0.0,0.0,63.0,0.0,0.0,0.0,0.0,0.0,44.0,5 Jun. 1994,Tribunal,25,7.6,2,44
thejemhadar,0.0,7.0,17.0,0.0,21.0,0.0,0.0,0.0,0.0,107.0,0.0,0.0,51.0,0.0,62.0,28.0,25.0,167.0,0.0,164.0,0.0,0.0,0.0,0.0,0.0,45.0,12 Jun. 1994,The Jem'Hadar,26,8.5,2,45
thesearchpart1,0.0,32.0,0.0,0.0,54.0,0.0,4.0,0.0,0.0,15.0,0.0,0.0,101.0,0.0,0.0,31.0,63.0,48.0,0.0,206.0,0.0,0.0,0.0,0.0,0.0,46.0,26 Sep. 1994,The Search: Part 1,1,8.4,3,46
thesearchpart2,0.0,44.0,6.0,0.0,22.0,0.0,13.0,0.0,51.0,7.0,0.0,0.0,79.0,0.0,0.0,16.0,104.0,20.0,0.0,101.0,0.0,0.0,0.0,0.0,0.0,47.0,3 Oct. 1994,The Search: Part 2,2,8.2,3,47
thehouseofquark,0.0,18.0,0.0,0.0,4.0,0.0,0.0,0.0,0.0,0.0,0.0,37.0,3.0,0.0,0.0,78.0,12.0,203.0,42.0,17.0,0.0,0.0,0.0,0.0,0.0,48.0,10 Oct. 1994,The House of Quark,3,8.0,3,48
equilibrium,0.0,132.0,0.0,0.0,133.0,0.0,0.0,0.0,0.0,7.0,0.0,0.0,18.0,0.0,0.0,0.0,5.0,1.0,0.0,152.0,0.0,0.0,0.0,0.0,0.0,49.0,17 Oct. 1994,Equilibrium,4,6.6,3,49
secondskin,0.0,11.0,1.0,0.0,23.0,0.0,0.0,0.0,59.0,0.0,0.0,0.0,142.0,0.0,0.0,0.0,13.0,6.0,0.0,56.0,0.0,0.0,0.0,0.0,0.0,50.0,24 Oct. 1994,Second Skin,5,7.8,3,50
theabandoned,0.0,57.0,0.0,0.0,19.0,0.0,0.0,0.0,0.0,28.0,0.0,0.0,32.0,0.0,0.0,30.0,157.0,23.0,0.0,113.0,0.0,0.0,0.0,0.0,0.0,51.0,31 Oct. 1994,The Abandoned,6,6.9,3,51
civildefense,0.0,33.0,38.0,0.0,33.0,117.0,0.0,0.0,48.0,45.0,0.0,0.0,61.0,0.0,0.0,70.0,47.0,51.0,0.0,70.0,0.0,0.0,0.0,0.0,0.0,52.0,7 Nov. 1994,Civil Defense,7,7.9,3,52
meridian,0.0,16.0,0.0,0.0,131.0,0.0,0.0,0.0,0.0,0.0,0.0,0.0,57.0,0.0,0.0,21.0,28.0,98.0,0.0,44.0,0.0,0.0,0.0,0.0,0.0,53.0,14 Nov. 1994,Meridian,8,5.6,3,53
defiant,0.0,14.0,4.0,0.0,25.0,96.0,0.0,0.0,0.0,0.0,0.0,0.0,121.0,0.0,0.0,14.0,9.0,2.0,0.0,95.0,0.0,0.0,0.0,0.0,0.0,54.0,21 Nov. 1994,Defiant,9,8.0,3,54
fascination,42.0,52.0,1.0,0.0,46.0,0.0,0.0,0.0,0.0,52.0,0.0,69.0,80.0,0.0,0.0,129.0,50.0,37.0,0.0,63.0,0.0,0.0,0.0,0.0,0.0,55.0,28 Nov. 1994,Fascination,10,6.2,3,55
pasttensepart1,0.0,118.0,0.0,0.0,49.0,0.0,0.0,0.0,0.0,0.0,0.0,0.0,39.0,0.0,0.0,68.0,7.0,4.0,0.0,147.0,0.0,0.0,0.0,0.0,0.0,56.0,2 Jan. 1995,Past Tense: Part 1,11,7.9,3,56
pasttensepart2,0.0,73.0,0.0,0.0,50.0,0.0,0.0,0.0,0.0,0.0,0.0,0.0,33.0,0.0,0.0,35.0,4.0,0.0,0.0,141.0,0.0,0.0,0.0,0.0,0.0,57.0,9 Jan. 1995,Past Tense: Part 2,12,8.0,3,57
lifesupport,42.0,141.0,0.0,0.0,6.0,0.0,0.0,0.0,0.0,82.0,0.0,0.0,49.0,0.0,85.0,11.0,23.0,6.0,0.0,26.0,0.0,0.0,90.0,0.0,0.0,58.0,30 Jan. 1995,Life Support,13,6.7,3,58
heartofstone,0.0,9.0,10.0,0.0,24.0,0.0,0.0,0.0,0.0,20.0,0.0,0.0,176.0,0.0,97.0,5.0,230.0,16.0,15.0,82.0,0.0,0.0,0.0,0.0,0.0,59.0,6 Feb. 1995,Heart of Stone,14,7.2,3,59
destiny,0.0,5.0,0.0,0.0,73.0,0.0,0.0,0.0,0.0,0.0,0.0,0.0,72.0,0.0,0.0,79.0,25.0,30.0,0.0,146.0,0.0,0.0,0.0,0.0,0.0,60.0,13 Feb. 1995,Destiny,15,7.4,3,60
prophetmotive,0.0,74.0,0.0,0.0,20.0,0.0,0.0,0.0,0.0,0.0,0.0,0.0,10.0,0.0,0.0,16.0,14.0,310.0,146.0,17.0,0.0,0.0,0.0,0.0,113.0,61.0,20 Feb. 1995,Prophet Motive,16,6.7,3,61
visionary,0.0,93.0,0.0,0.0,27.0,0.0,0.0,0.0,0.0,0.0,0.0,0.0,52.0,0.0,0.0,139.0,68.0,39.0,0.0,113.0,0.0,0.0,0.0,0.0,0.0,62.0,27 Feb. 1995,Visionary,17,7.8,3,62
distantvoices,0.0,305.0,0.0,0.0,34.0,0.0,0.0,0.0,114.0,0.0,0.0,0.0,30.0,0.0,0.0,58.0,30.0,35.0,0.0,16.0,0.0,0.0,0.0,0.0,0.0,63.0,10 Apr. 1995,Distant Voices,18,6.5,3,63
throughthelookingglass,0.0,15.0,1.0,0.0,31.0,0.0,0.0,0.0,33.0,0.0,0.0,0.0,113.0,0.0,0.0,112.0,4.0,10.0,15.0,197.0,0.0,0.0,0.0,0.0,0.0,64.0,17 Apr. 1995,Through the Looking Glass,19,7.5,3,64
improbablecause,0.0,55.0,0.0,0.0,3.0,0.0,0.0,0.0,187.0,0.0,0.0,0.0,10.0,0.0,0.0,18.0,191.0,0.0,0.0,47.0,0.0,0.0,0.0,0.0,0.0,65.0,24 Apr. 1995,Improbable Cause,20,8.6,3,65
thedieiscast,0.0,17.0,0.0,0.0,28.0,0.0,20.0,0.0,170.0,0.0,0.0,0.0,31.0,0.0,0.0,31.0,94.0,0.0,0.0,71.0,0.0,0.0,0.0,0.0,0.0,66.0,1 May 1995,The Die Is Cast,21,8.9,3,66
explorers,0.0,95.0,2.0,0.0,37.0,19.0,0.0,0.0,0.0,120.0,0.0,0.0,6.0,0.0,0.0,36.0,3.0,5.0,0.0,218.0,0.0,0.0,0.0,0.0,0.0,67.0,8 May 1995,Explorers,22,7.3,3,67
familybusiness,0.0,7.0,0.0,0.0,6.0,0.0,0.0,0.0,0.0,12.0,40.0,0.0,4.0,0.0,0.0,10.0,13.0,241.0,163.0,66.0,0.0,0.0,0.0,0.0,0.0,68.0,15 May 1995,Family Business,23,7.1,3,68
shakaar,0.0,21.0,0.0,0.0,5.0,0.0,0.0,0.0,0.0,0.0,0.0,0.0,163.0,0.0,0.0,38.0,16.0,31.0,0.0,39.0,0.0,0.0,101.0,0.0,0.0,69.0,22 May 1995,Shakaar,24,6.9,3,69
facets,0.0,14.0,4.0,0.0,140.0,0.0,0.0,0.0,0.0,16.0,0.0,0.0,3.0,0.0,34.0,17.0,19.0,56.0,24.0,66.0,0.0,0.0,0.0,0.0,0.0,70.0,12 Jun. 1995,Facets,25,7.2,3,70
theadversary,0.0,39.0,19.0,0.0,42.0,0.0,56.0,0.0,0.0,4.0,0.0,0.0,46.0,0.0,0.0,82.0,58.0,3.0,0.0,170.0,0.0,0.0,0.0,0.0,0.0,71.0,19 Jun. 1995,The Adversary,26,8.3,3,71
thewayofthewarrior,0.0,60.0,1.0,0.0,125.0,59.0,0.0,0.0,70.0,0.0,36.0,0.0,89.0,54.0,0.0,80.0,71.0,89.0,0.0,307.0,0.0,0.0,0.0,196.0,0.0,72.0,2 Oct. 1995,The Way of the Warrior,1,9.0,4,72
thevisitor,0.0,12.0,6.0,0.0,20.0,0.0,0.0,0.0,0.0,38.0,0.0,0.0,15.0,0.0,35.0,7.0,0.0,5.0,0.0,102.0,0.0,0.0,0.0,2.0,0.0,73.0,9 Oct. 1995,The Visitor,2,9.1,4,73
hippocraticoath,0.0,146.0,0.0,0.0,2.0,0.0,0.0,0.0,0.0,0.0,0.0,0.0,14.0,0.0,0.0,121.0,26.0,21.0,0.0,29.0,0.0,0.0,0.0,31.0,0.0,74.0,16 Oct. 1995,Hippocratic Oath,3,7.7,4,74
indiscretion,0.0,13.0,0.0,0.0,23.0,162.0,0.0,0.0,0.0,18.0,53.0,0.0,203.0,0.0,0.0,0.0,12.0,13.0,0.0,72.0,0.0,0.0,0.0,6.0,0.0,75.0,23 Oct. 1995,Indiscretion,4,7.7,4,75
rejoined,0.0,43.0,0.0,0.0,207.0,0.0,14.0,0.0,0.0,0.0,0.0,0.0,21.0,0.0,0.0,3.0,0.0,21.0,0.0,41.0,0.0,0.0,0.0,21.0,0.0,76.0,30 Oct. 1995,Rejoined,5,7.1,4,76
starshipdown,0.0,46.0,0.0,0.0,45.0,0.0,0.0,0.0,0.0,0.0,0.0,0.0,104.0,0.0,0.0,51.0,1.0,99.0,0.0,94.0,0.0,0.0,0.0,68.0,0.0,77.0,6 Nov. 1995,Starship Down,6,7.7,4,77
littlegreenmen,0.0,6.0,0.0,0.0,3.0,0.0,0.0,0.0,0.0,6.0,0.0,0.0,6.0,0.0,104.0,9.0,35.0,245.0,138.0,2.0,0.0,0.0,0.0,5.0,0.0,78.0,13 Nov. 1995,Little Green Men,7,8.5,4,78
theswordofkahless,0.0,1.0,0.0,0.0,151.0,0.0,0.0,0.0,0.0,0.0,0.0,0.0,2.0,0.0,0.0,2.0,2.0,3.0,0.0,8.0,0.0,0.0,0.0,168.0,0.0,79.0,20 Nov. 1995,The Sword of Kahless,8,7.0,4,79
ourmanbashir,0.0,205.0,8.0,0.0,7.0,0.0,65.0,0.0,128.0,0.0,0.0,0.0,62.0,0.0,0.0,19.0,32.0,6.0,16.0,75.0,0.0,0.0,0.0,19.0,0.0,80.0,27 Nov. 1995,Our Man Bashir,9,8.0,4,80
homefront,0.0,13.0,0.0,0.0,18.0,0.0,0.0,0.0,0.0,47.0,0.0,0.0,9.0,0.0,56.0,23.0,96.0,29.0,0.0,162.0,0.0,0.0,0.0,18.0,0.0,81.0,1 Jan. 1996,Homefront,10,8.3,4,81
paradiselost,0.0,4.0,0.0,0.0,8.0,0.0,0.0,0.0,0.0,9.0,0.0,0.0,15.0,0.0,28.0,39.0,55.0,0.0,0.0,245.0,0.0,0.0,0.0,19.0,0.0,82.0,8 Jan. 1996,Paradise Lost,11,8.3,4,82
crossfire,0.0,2.0,3.0,0.0,4.0,0.0,0.0,0.0,0.0,0.0,0.0,0.0,122.0,0.0,0.0,3.0,203.0,92.0,0.0,29.0,0.0,0.0,0.0,44.0,0.0,83.0,29 Jan. 1996,Crossfire,12,7.2,4,83
returntograce,0.0,15.0,0.0,54.0,1.0,285.0,0.0,0.0,0.0,0.0,0.0,0.0,227.0,0.0,0.0,3.0,4.0,0.0,0.0,3.0,0.0,0.0,0.0,7.0,0.0,84.0,5 Feb. 1996,Return to Grace,13,7.8,4,84
sonsofmogh,0.0,36.0,3.0,0.0,65.0,0.0,0.0,0.0,0.0,0.0,0.0,0.0,63.0,0.0,0.0,50.0,45.0,10.0,0.0,34.0,0.0,0.0,0.0,157.0,0.0,85.0,12 Feb. 1996,Sons of Mogh,14,7.3,4,85
barassociation,0.0,45.0,0.0,0.0,25.0,0.0,0.0,0.0,0.0,0.0,0.0,0.0,1.0,0.0,0.0,71.0,19.0,179.0,205.0,20.0,0.0,0.0,0.0,47.0,0.0,86.0,19 Feb. 1996,Bar Association,15,7.3,4,86
accession,0.0,58.0,2.0,0.0,19.0,0.0,0.0,0.0,0.0,0.0,0.0,26.0,88.0,0.0,0.0,92.0,19.0,18.0,0.0,136.0,0.0,0.0,0.0,8.0,0.0,87.0,26 Feb. 1996,Accession,16,7.2,4,87
rulesofengagement,0.0,2.0,0.0,0.0,32.0,0.0,0.0,0.0,0.0,0.0,0.0,0.0,6.0,0.0,0.0,38.0,24.0,24.0,0.0,157.0,0.0,0.0,0.0,69.0,0.0,88.0,8 Apr. 1996,Rules of Engagement,17,7.2,4,88
hardtime,0.0,89.0,2.0,0.0,1.0,0.0,0.0,0.0,0.0,7.0,0.0,29.0,10.0,0.0,0.0,239.0,1.0,7.0,0.0,29.0,0.0,0.0,0.0,5.0,0.0,89.0,15 Apr. 1996,Hard Time,18,8.2,4,89
shatteredmirror,0.0,32.0,1.0,0.0,13.0,0.0,0.0,0.0,36.0,67.0,0.0,0.0,79.0,0.0,29.0,102.0,11.0,12.0,0.0,152.0,0.0,0.0,0.0,43.0,0.0,90.0,22 Apr. 1996,Shattered Mirror,19,7.2,4,90
themuse,0.0,15.0,0.0,0.0,4.0,0.0,0.0,0.0,0.0,88.0,0.0,0.0,9.0,0.0,0.0,5.0,111.0,10.0,0.0,52.0,0.0,0.0,0.0,1.0,0.0,91.0,29 Apr. 1996,The Muse,20,5.5,4,91
forthecause,0.0,19.0,0.0,0.0,5.0,0.0,93.0,0.0,65.0,30.0,97.0,0.0,11.0,0.0,0.0,31.0,41.0,20.0,0.0,186.0,0.0,0.0,0.0,17.0,0.0,92.0,6 May 1996,For the Cause,21,7.8,4,92
tothedeath,0.0,13.0,0.0,0.0,80.0,0.0,0.0,0.0,0.0,0.0,0.0,0.0,10.0,0.0,0.0,56.0,30.0,5.0,0.0,139.0,0.0,94.0,0.0,53.0,0.0,93.0,13 May 1996,To the Death,22,8.1,4,93
thequickening,0.0,197.0,4.0,0.0,64.0,0.0,0.0,0.0,0.0,0.0,0.0,0.0,29.0,0.0,0.0,2.0,4.0,8.0,0.0,4.0,0.0,0.0,0.0,4.0,0.0,94.0,20 May 1996,The Quickening,23,7.6,4,94
bodyparts,0.0,26.0,0.0,0.0,9.0,0.0,0.0,0.0,29.0,0.0,0.0,28.0,34.0,0.0,0.0,48.0,2.0,295.0,107.0,10.0,0.0,0.0,0.0,6.0,0.0,95.0,10 Jun. 1996,Body Parts,24,7.5,4,95
brokenlink,0.0,57.0,0.0,0.0,30.0,0.0,0.0,0.0,93.0,0.0,0.0,0.0,27.0,0.0,0.0,23.0,127.0,4.0,0.0,92.0,0.0,0.0,0.0,24.0,0.0,96.0,17 Jun. 1996,Broken Link,25,8.2,4,96
apocalypserising,0.0,35.0,0.0,8.0,8.0,41.0,0.0,0.0,1.0,7.0,0.0,0.0,46.0,54.0,0.0,47.0,81.0,12.0,0.0,91.0,0.0,0.0,0.0,68.0,0.0,97.0,30 Sep. 1996,Apocalypse Rising,1,8.2,5,97
theship,0.0,8.0,0.0,0.0,94.0,0.0,0.0,0.0,0.0,0.0,0.0,0.0,10.0,0.0,0.0,117.0,6.0,4.0,0.0,160.0,0.0,0.0,0.0,46.0,0.0,98.0,7 Oct. 1996,The Ship,2,7.9,5,98
lookingforparmachinallthewrongplaces,0.0,45.0,0.0,0.0,89.0,0.0,0.0,0.0,0.0,0.0,0.0,32.0,62.0,0.0,0.0,64.0,19.0,133.0,0.0,4.0,0.0,0.0,0.0,94.0,0.0,99.0,14 Oct. 1996,Looking for par'Mach in All the Wrong Places,3,7.7,5,99
northebattletothestrong,0.0,136.0,0.0,0.0,33.0,0.0,0.0,0.0,0.0,151.0,0.0,0.0,5.0,0.0,0.0,8.0,29.0,7.0,0.0,53.0,0.0,0.0,0.0,3.0,0.0,100.0,21 Oct. 1996,...Nor the Battle to the Strong,4,7.6,5,100
theassignment,0.0,47.0,19.0,0.0,27.0,0.0,0.0,0.0,0.0,8.0,0.0,166.0,0.0,0.0,0.0,250.0,35.0,32.0,97.0,29.0,0.0,0.0,0.0,5.0,0.0,101.0,28 Oct. 1996,The Assignment,5,7.2,5,101
trialsandtribbleations,0.0,68.0,0.0,0.0,80.0,0.0,0.0,0.0,0.0,0.0,0.0,0.0,20.0,0.0,0.0,69.0,56.0,0.0,0.0,129.0,0.0,0.0,0.0,36.0,0.0,102.0,4 Nov. 1996,Trials and Tribble-ations,6,9.3,5,102
lethewhoiswithoutsin,0.0,50.0,0.0,0.0,173.0,0.0,0.0,0.0,0.0,0.0,0.0,0.0,0.0,0.0,0.0,0.0,12.0,69.0,0.0,21.0,0.0,0.0,0.0,155.0,0.0,103.0,11 Nov. 1996,Let He Who Is Without Sin...,7,5.4,5,103
thingspast,0.0,26.0,2.0,0.0,42.0,31.0,0.0,0.0,85.0,0.0,0.0,0.0,17.0,0.0,0.0,0.0,117.0,29.0,0.0,89.0,0.0,0.0,0.0,17.0,0.0,104.0,18 Nov. 1996,Things Past,8,7.5,5,104
theascent,0.0,4.0,0.0,0.0,2.0,0.0,0.0,0.0,0.0,72.0,0.0,0.0,3.0,0.0,87.0,5.0,222.0,266.0,45.0,59.0,0.0,0.0,0.0,1.0,0.0,105.0,25 Nov. 1996,The Ascent,9,7.4,5,105
rapture,0.0,41.0,0.0,0.0,20.0,0.0,0.0,0.0,0.0,24.0,33.0,0.0,88.0,0.0,0.0,6.0,13.0,33.0,0.0,190.0,0.0,0.0,67.0,19.0,0.0,106.0,30 Dec. 1996,Rapture,10,7.3,5,106
thedarknessandthelight,0.0,22.0,6.0,0.0,35.0,0.0,0.0,0.0,0.0,0.0,0.0,0.0,235.0,0.0,12.0,7.0,72.0,4.0,0.0,28.0,0.0,0.0,0.0,19.0,0.0,107.0,6 Jan. 1997,The Darkness and the Light,11,6.9,5,107
thebegotten,0.0,42.0,4.0,0.0,0.0,0.0,0.0,0.0,0.0,0.0,0.0,17.0,37.0,0.0,0.0,25.0,225.0,38.0,0.0,25.0,0.0,0.0,0.0,2.0,0.0,108.0,27 Jan. 1997,The Begotten,12,7.7,5,108
fortheuniform,0.0,0.0,0.0,0.0,95.0,0.0,101.0,0.0,0.0,0.0,0.0,0.0,92.0,0.0,37.0,30.0,34.0,0.0,0.0,277.0,0.0,0.0,0.0,41.0,0.0,109.0,3 Feb. 1997,For the Uniform,13,7.8,5,109
inpurgatorysshadow,0.0,37.0,0.0,0.0,46.0,65.0,0.0,0.0,178.0,0.0,0.0,0.0,58.0,28.0,0.0,19.0,22.0,7.0,0.0,55.0,0.0,0.0,0.0,51.0,0.0,110.0,10 Feb. 1997,In Purgatory's Shadow,14,8.8,5,110
byinfernoslight,0.0,70.0,2.0,0.0,33.0,54.0,0.0,0.0,58.0,0.0,0.0,0.0,55.0,37.0,0.0,51.0,0.0,10.0,0.0,83.0,0.0,0.0,0.0,35.0,0.0,111.0,17 Feb. 1997,By Inferno's Light,15,8.8,5,111
doctorbashiripresume,0.0,174.0,0.0,0.0,7.0,0.0,0.0,0.0,0.0,2.0,0.0,0.0,1.0,0.0,0.0,59.0,7.0,30.0,30.0,34.0,0.0,0.0,0.0,2.0,0.0,112.0,24 Feb. 1997,"Doctor Bashir, I Presume?",16,7.8,5,112
asimpleinvestigation,0.0,47.0,1.0,0.0,24.0,0.0,0.0,0.0,0.0,0.0,0.0,0.0,18.0,0.0,0.0,16.0,235.0,6.0,0.0,10.0,0.0,0.0,0.0,7.0,0.0,113.0,31 Mar. 1997,A Simple Investigation,17,6.6,5,113
businessasusual,0.0,18.0,0.0,0.0,37.0,0.0,0.0,0.0,0.0,20.0,0.0,0.0,9.0,0.0,0.0,79.0,11.0,214.0,0.0,36.0,0.0,0.0,0.0,9.0,0.0,114.0,7 Apr. 1997,Business as Usual,18,7.3,5,114
tiesofbloodandwater,0.0,41.0,0.0,0.0,9.0,69.0,0.0,0.0,0.0,0.0,0.0,0.0,191.0,0.0,0.0,7.0,14.0,10.0,0.0,56.0,0.0,23.0,0.0,6.0,0.0,115.0,14 Apr. 1997,Ties of Blood and Water,19,7.2,5,115
ferengilovesongs,0.0,2.0,0.0,0.0,18.0,0.0,0.0,0.0,0.0,0.0,0.0,0.0,6.0,0.0,0.0,23.0,7.0,256.0,80.0,8.0,0.0,0.0,0.0,6.0,136.0,116.0,21 Apr. 1997,Ferengi Love Songs,20,6.6,5,116
soldiersoftheempire,0.0,23.0,0.0,0.0,100.0,0.0,0.0,0.0,0.0,0.0,0.0,0.0,16.0,146.0,9.0,15.0,6.0,0.0,0.0,12.0,0.0,0.0,0.0,143.0,0.0,117.0,28 Apr. 1997,Soldiers of the Empire,21,7.6,5,117
childrenoftime,0.0,31.0,0.0,0.0,72.0,0.0,0.0,0.0,0.0,0.0,0.0,0.0,85.0,0.0,0.0,44.0,67.0,4.0,0.0,75.0,0.0,0.0,0.0,37.0,0.0,118.0,5 May 1997,Children of Time,22,7.9,5,118
blazeofglory,0.0,5.0,5.0,0.0,16.0,0.0,275.0,0.0,0.0,30.0,0.0,0.0,16.0,29.0,65.0,4.0,8.0,21.0,0.0,235.0,0.0,0.0,0.0,2.0,0.0,119.0,12 May 1997,Blaze of Glory,23,7.6,5,119
empoknor,0.0,6.0,0.0,0.0,3.0,0.0,0.0,0.0,195.0,0.0,0.0,0.0,1.0,0.0,48.0,198.0,3.0,10.0,0.0,6.0,0.0,0.0,0.0,2.0,0.0,120.0,19 May 1997,Empok Nor,24,7.7,5,120
inthecards,0.0,19.0,0.0,0.0,0.0,0.0,0.0,0.0,0.0,172.0,0.0,0.0,4.0,0.0,154.0,22.0,8.0,47.0,0.0,58.0,0.0,39.0,49.0,2.0,0.0,121.0,9 Jun. 1997,In the Cards,25,7.8,5,121
calltoarms,0.0,10.0,3.0,7.0,65.0,33.0,0.0,0.0,30.0,34.0,0.0,0.0,57.0,8.0,22.0,32.0,27.0,27.0,79.0,146.0,0.0,53.0,0.0,28.0,0.0,122.0,16 Jun. 1997,Call to Arms,26,9.0,5,122
atimetostand,0.0,47.0,0.0,5.0,75.0,48.0,0.0,0.0,63.0,17.0,0.0,0.0,69.0,11.0,36.0,49.0,30.0,28.0,0.0,119.0,0.0,74.0,0.0,8.0,0.0,123.0,29 Sep. 1997,A Time to Stand,1,8.5,6,123
rocksandshoals,0.0,25.0,2.0,0.0,16.0,0.0,0.0,0.0,35.0,19.0,0.0,0.0,44.0,0.0,14.0,29.0,21.0,0.0,0.0,110.0,0.0,0.0,0.0,0.0,0.0,124.0,6 Oct. 1997,Rocks and Shoals,2,8.6,6,124
sonsanddaughters,0.0,3.0,0.0,6.0,14.0,48.0,0.0,0.0,0.0,13.0,0.0,0.0,53.0,133.0,0.0,3.0,5.0,6.0,0.0,6.0,0.0,0.0,0.0,105.0,0.0,125.0,13 Oct. 1997,Sons and Daughters,3,6.9,6,125
behindthelines,0.0,5.0,2.0,26.0,18.0,12.0,0.0,0.0,0.0,6.0,0.0,0.0,129.0,0.0,9.0,9.0,113.0,44.0,33.0,54.0,0.0,20.0,0.0,8.0,0.0,126.0,20 Oct. 1997,Behind the Lines,4,7.9,6,126
favorthebold,0.0,10.0,0.0,50.0,36.0,65.0,0.0,0.0,15.0,9.0,0.0,0.0,69.0,6.0,21.0,35.0,37.0,64.0,27.0,54.0,0.0,68.0,0.0,15.0,0.0,127.0,27 Oct. 1997,Favor the Bold,5,8.5,6,127
sacrificeofangels,0.0,13.0,5.0,71.0,19.0,107.0,0.0,0.0,15.0,12.0,0.0,0.0,42.0,1.0,20.0,29.0,29.0,39.0,26.0,108.0,0.0,50.0,0.0,3.0,0.0,128.0,3 Nov. 1997,Sacrifice of Angels,6,8.9,6,128
youarecordiallyinvited,0.0,32.0,0.0,0.0,125.0,0.0,0.0,0.0,0.0,25.0,0.0,0.0,37.0,66.0,1.0,22.0,10.0,38.0,2.0,50.0,0.0,0.0,0.0,84.0,0.0,129.0,10 Nov. 1997,You Are Cordially Invited...,7,7.4,6,129
resurrection,219.0,13.0,0.0,0.0,32.0,0.0,0.0,0.0,0.0,0.0,0.0,0.0,184.0,0.0,0.0,2.0,3.0,54.0,0.0,17.0,0.0,0.0,0.0,9.0,0.0,130.0,17 Nov. 1997,Resurrection,8,5.7,6,130
statisticalprobabilities,0.0,285.0,0.0,28.0,6.0,0.0,0.0,0.0,0.0,0.0,0.0,0.0,12.0,0.0,0.0,82.0,7.0,18.0,0.0,39.0,0.0,22.0,0.0,5.0,0.0,131.0,24 Nov. 1997,Statistical Probabilities,9,7.7,6,131
themagnificentferengi,0.0,3.0,0.0,0.0,2.0,0.0,0.0,0.0,0.0,0.0,0.0,0.0,3.0,0.0,84.0,4.0,6.0,252.0,121.0,7.0,0.0,0.0,0.0,0.0,0.0,132.0,1 Jan. 1998,The Magnificent Ferengi,10,8.0,6,132
waltz,0.0,8.0,0.0,15.0,18.0,262.0,0.0,0.0,0.0,0.0,0.0,0.0,38.0,0.0,0.0,16.0,4.0,0.0,0.0,129.0,0.0,15.0,0.0,14.0,0.0,133.0,8 Jan. 1998,Waltz,11,7.8,6,133
whomournsformorn,0.0,13.0,1.0,0.0,22.0,0.0,0.0,0.0,0.0,0.0,0.0,0.0,3.0,0.0,0.0,20.0,70.0,342.0,0.0,8.0,0.0,0.0,0.0,6.0,0.0,134.0,4 Feb. 1998,Who Mourns for Morn?,12,7.6,6,134
farbeyondthestars,0.0,11.0,0.0,0.0,1.0,0.0,0.0,0.0,0.0,2.0,16.0,0.0,11.0,0.0,0.0,0.0,0.0,0.0,0.0,43.0,0.0,0.0,0.0,1.0,0.0,135.0,11 Feb. 1998,Far Beyond the Stars,13,8.8,6,135
onelittleship,0.0,81.0,0.0,0.0,92.0,0.0,0.0,0.0,0.0,0.0,0.0,0.0,37.0,0.0,23.0,119.0,3.0,2.0,0.0,70.0,0.0,0.0,0.0,27.0,0.0,136.0,18 Feb. 1998,One Little Ship,14,7.6,6,136
honoramongthieves,0.0,18.0,1.0,0.0,2.0,0.0,0.0,0.0,0.0,0.0,0.0,0.0,10.0,0.0,0.0,191.0,4.0,9.0,0.0,10.0,0.0,0.0,0.0,2.0,0.0,137.0,25 Feb. 1998,Honor Among Thieves,15,7.3,6,137
changeofheart,0.0,68.0,0.0,0.0,202.0,0.0,0.0,0.0,0.0,0.0,0.0,0.0,12.0,0.0,0.0,72.0,0.0,62.0,0.0,16.0,0.0,0.0,0.0,159.0,0.0,138.0,4 Mar. 1998,Change of Heart,16,7.0,6,138
wrongsdarkerthandeathornight,0.0,8.0,3.0,0.0,21.0,84.0,0.0,0.0,0.0,0.0,0.0,0.0,204.0,0.0,0.0,7.0,12.0,4.0,0.0,20.0,0.0,0.0,0.0,6.0,0.0,139.0,1 Apr. 1998,Wrongs Darker Than Death or Night,17,6.8,6,139
inquisition,0.0,237.0,3.0,0.0,3.0,0.0,0.0,0.0,0.0,0.0,0.0,0.0,10.0,0.0,0.0,27.0,21.0,2.0,0.0,56.0,0.0,41.0,0.0,2.0,0.0,140.0,8 Apr. 1998,Inquisition,18,8.2,6,140
inthepalemoonlight,0.0,22.0,1.0,11.0,37.0,0.0,0.0,0.0,120.0,0.0,0.0,0.0,7.0,0.0,0.0,0.0,12.0,19.0,0.0,245.0,0.0,20.0,0.0,12.0,0.0,141.0,15 Apr. 1998,In the Pale Moonlight,19,9.3,6,141
hisway,0.0,42.0,0.0,0.0,26.0,0.0,0.0,0.0,0.0,0.0,0.0,0.0,87.0,0.0,0.0,13.0,171.0,32.0,0.0,4.0,232.0,0.0,0.0,4.0,0.0,142.0,22 Apr. 1998,His Way,20,7.5,6,142
thereckoning,0.0,21.0,1.0,0.0,74.0,0.0,0.0,0.0,0.0,35.0,0.0,0.0,88.0,0.0,0.0,0.0,49.0,8.0,0.0,204.0,0.0,0.0,92.0,20.0,0.0,143.0,29 Apr. 1998,The Reckoning,21,7.2,6,143
valiant,0.0,3.0,6.0,0.0,6.0,0.0,0.0,0.0,0.0,103.0,0.0,0.0,5.0,0.0,138.0,0.0,8.0,25.0,0.0,7.0,0.0,0.0,0.0,3.0,0.0,144.0,6 May 1998,Valiant,22,7.0,6,144
profitandlace,0.0,9.0,0.0,0.0,3.0,0.0,0.0,0.0,0.0,0.0,0.0,0.0,2.0,0.0,28.0,0.0,7.0,282.0,86.0,2.0,0.0,0.0,0.0,2.0,111.0,145.0,13 May 1998,Profit and Lace,23,5.7,6,145
timesorphan,0.0,45.0,0.0,0.0,85.0,0.0,0.0,0.0,0.0,0.0,0.0,116.0,18.0,0.0,0.0,200.0,19.0,5.0,0.0,8.0,0.0,0.0,0.0,59.0,0.0,146.0,20 May 1998,Time's Orphan,24,6.3,6,146
thesoundofhervoice,0.0,85.0,0.0,0.0,3.0,0.0,0.0,0.0,0.0,31.0,37.0,0.0,11.0,0.0,0.0,81.0,49.0,111.0,0.0,90.0,0.0,0.0,0.0,18.0,0.0,147.0,10 Jun. 1998,The Sound of Her Voice,25,7.5,6,147
tearsoftheprophets,0.0,32.0,0.0,30.0,37.0,45.0,0.0,0.0,7.0,21.0,0.0,0.0,53.0,31.0,8.0,26.0,30.0,12.0,0.0,89.0,18.0,31.0,0.0,23.0,0.0,148.0,17 Jun. 1998,Tears of the Prophets,26,8.3,6,148
imageinthesand,0.0,47.0,0.0,15.0,0.0,0.0,0.0,5.0,0.0,34.0,0.0,0.0,76.0,8.0,6.0,59.0,25.0,32.0,0.0,91.0,23.0,17.0,0.0,25.0,0.0,149.0,30 Sep. 1998,Image in the Sand,1,7.6,7,149
shadowsandsymbols,0.0,17.0,0.0,13.0,0.0,0.0,0.0,122.0,0.0,29.0,0.0,0.0,71.0,23.0,0.0,26.0,26.0,53.0,0.0,76.0,0.0,12.0,0.0,44.0,0.0,150.0,7 Oct. 1998,Shadows and Symbols,2,7.9,7,150
afterimage,0.0,55.0,0.0,0.0,0.0,0.0,0.0,253.0,150.0,1.0,0.0,0.0,6.0,0.0,0.0,15.0,13.0,38.0,0.0,96.0,0.0,0.0,0.0,38.0,0.0,151.0,14 Oct. 1998,Afterimage,3,7.2,7,151
takemeouttotheholosuite,0.0,33.0,0.0,0.0,0.0,0.0,0.0,27.0,0.0,14.0,58.0,0.0,25.0,0.0,34.0,53.0,47.0,26.0,50.0,249.0,0.0,0.0,0.0,19.0,0.0,152.0,21 Oct. 1998,Take Me Out to the Holosuite,4,7.4,7,152
chrysalis,0.0,296.0,2.0,0.0,0.0,0.0,0.0,19.0,0.0,0.0,0.0,0.0,5.0,0.0,11.0,52.0,4.0,8.0,0.0,20.0,0.0,0.0,0.0,0.0,0.0,153.0,28 Oct. 1998,Chrysalis,5,7.1,7,153
treacheryfaithandthegreatriver,0.0,10.0,0.0,48.0,0.0,0.0,0.0,2.0,0.0,0.0,0.0,0.0,39.0,11.0,70.0,98.0,128.0,5.0,8.0,22.0,0.0,156.0,0.0,8.0,0.0,154.0,2 Nov. 1998,"Treachery, Faith, and the Great River",6,8.2,7,154
oncemoreuntothebreach,0.0,12.0,0.0,0.0,0.0,0.0,0.0,38.0,0.0,4.0,0.0,0.0,11.0,165.0,0.0,6.0,3.0,32.0,0.0,8.0,0.0,0.0,0.0,79.0,0.0,155.0,11 Nov. 1998,Once More Unto the Breach,7,7.6,7,155
thesiegeofar558,0.0,40.0,0.0,0.0,0.0,0.0,0.0,44.0,0.0,0.0,0.0,0.0,5.0,0.0,58.0,3.0,3.0,79.0,11.0,121.0,25.0,0.0,0.0,22.0,0.0,156.0,18 Nov. 1998,The Siege of AR-558,8,8.7,7,156
covenant,0.0,6.0,0.0,0.0,0.0,181.0,0.0,6.0,0.0,0.0,0.0,0.0,178.0,0.0,0.0,6.0,28.0,2.0,0.0,6.0,0.0,0.0,0.0,4.0,0.0,157.0,25 Nov. 1998,Covenant,9,6.6,7,157
itsonlyapapermoon,0.0,13.0,3.0,0.0,0.0,0.0,0.0,89.0,0.0,35.0,0.0,0.0,4.0,0.0,232.0,13.0,1.0,6.0,17.0,15.0,219.0,0.0,0.0,0.0,0.0,158.0,30 Dec. 1998,It's Only a Paper Moon,10,8.1,7,158
prodigaldaughter,0.0,29.0,0.0,0.0,0.0,0.0,0.0,242.0,0.0,0.0,0.0,0.0,11.0,0.0,0.0,83.0,5.0,0.0,0.0,30.0,0.0,0.0,0.0,0.0,0.0,159.0,6 Jan. 1999,Prodigal Daughter,11,6.3,7,159
theemperorsnewcloak,0.0,26.0,0.0,0.0,0.0,0.0,0.0,96.0,47.0,0.0,0.0,0.0,58.0,7.0,0.0,33.0,7.0,183.0,134.0,8.0,3.0,0.0,0.0,45.0,57.0,160.0,3 Feb. 1999,The Emperor's New Cloak,12,6.3,7,160
fieldoffire,0.0,64.0,5.0,0.0,0.0,0.0,0.0,265.0,0.0,0.0,0.0,0.0,11.0,0.0,0.0,55.0,50.0,6.0,0.0,41.0,0.0,0.0,0.0,15.0,0.0,161.0,10 Feb. 1999,Field of Fire,13,6.6,7,161
chimera,0.0,10.0,0.0,0.0,0.0,0.0,0.0,4.0,0.0,0.0,0.0,0.0,66.0,0.0,0.0,39.0,229.0,25.0,0.0,31.0,0.0,0.0,0.0,9.0,0.0,162.0,17 Feb. 1999,Chimera,14,7.2,7,162
baddabingbaddabang,0.0,70.0,0.0,0.0,0.0,0.0,0.0,30.0,0.0,0.0,67.0,0.0,52.0,0.0,29.0,58.0,29.0,2.0,0.0,55.0,157.0,0.0,0.0,4.0,0.0,163.0,24 Feb. 1999,"Badda-Bing, Badda-Bang",15,7.6,7,163
interarmaenimsilentleges,0.0,228.0,0.0,0.0,0.0,0.0,0.0,3.0,21.0,0.0,0.0,0.0,13.0,0.0,0.0,4.0,4.0,0.0,0.0,20.0,0.0,0.0,0.0,3.0,0.0,164.0,3 Mar. 1999,Inter Arma Enim Silent Leges,16,8.3,7,164
penumbra,0.0,10.0,11.0,40.0,0.0,13.0,0.0,140.0,0.0,13.0,51.0,0.0,12.0,0.0,0.0,7.0,2.0,14.0,0.0,117.0,0.0,43.0,0.0,92.0,0.0,165.0,7 Apr. 1999,Penumbra,17,7.5,7,165
tildeathdouspart,0.0,2.0,0.0,16.0,0.0,70.0,0.0,91.0,0.0,7.0,20.0,0.0,25.0,0.0,1.0,3.0,4.0,8.0,0.0,70.0,0.0,38.0,101.0,60.0,0.0,166.0,14 Apr. 1999,'Til Death Do Us Part,18,7.6,7,166
strangebedfellows,0.0,9.0,0.0,67.0,0.0,61.0,0.0,73.0,0.0,0.0,14.0,0.0,19.0,21.0,0.0,8.0,2.0,6.0,0.0,24.0,0.0,93.0,118.0,47.0,0.0,167.0,21 Apr. 1999,Strange Bedfellows,19,7.8,7,167
thechangingfaceofevil,0.0,32.0,0.0,69.0,0.0,77.0,0.0,26.0,0.0,0.0,40.0,0.0,22.0,9.0,14.0,38.0,4.0,8.0,0.0,65.0,0.0,67.0,79.0,27.0,0.0,168.0,28 Apr. 1999,The Changing Face of Evil,20,8.4,7,168
whenitrains,0.0,135.0,0.0,18.0,0.0,31.0,0.0,16.0,28.0,0.0,0.0,0.0,62.0,35.0,0.0,58.0,44.0,9.0,0.0,43.0,0.0,0.0,37.0,10.0,0.0,169.0,5 May 1999,When It Rains...,21,8.1,7,169
tackingintothewind,0.0,39.0,0.0,25.0,0.0,0.0,0.0,22.0,72.0,0.0,0.0,0.0,103.0,30.0,0.0,30.0,39.0,0.0,0.0,27.0,0.0,12.0,0.0,60.0,0.0,170.0,12 May 1999,Tacking Into the Wind,22,8.7,7,170
extrememeasures,0.0,277.0,0.0,0.0,0.0,0.0,0.0,6.0,3.0,0.0,0.0,0.0,16.0,0.0,0.0,187.0,29.0,0.0,0.0,34.0,0.0,0.0,0.0,3.0,0.0,171.0,19 May 1999,Extreme Measures,23,7.5,7,171
thedogsofwar,0.0,57.0,1.0,40.0,0.0,0.0,0.0,34.0,32.0,0.0,17.0,0.0,41.0,6.0,3.0,11.0,18.0,131.0,36.0,46.0,0.0,15.0,0.0,2.0,46.0,172.0,26 May 1999,The Dogs of War,24,8.2,7,172
whatyouleavebehind,0.0,72.0,3.0,31.0,0.0,64.0,0.0,44.0,82.0,11.0,39.0,10.0,89.0,32.0,26.0,60.0,79.0,59.0,0.0,126.0,31.0,65.0,49.0,28.0,0.0,173.0,2 Jun. 1999,What You Leave Behind,25,8.8,7,173
